{"dist_dist_iou_metric": [0.18320898711681366, 0.2883518934249878, 0.3261312246322632], "dist_loss": [5.708060264587402, 4.372421741485596, 4.120929718017578], "dist_relevant_mae": [28.538122177124023, 21.859058380126953, 20.601057052612305], "dist_relevant_mse": [1563.219970703125, 1013.385498046875, 874.7681274414062], "loss": [6.196856498718262, 4.938112258911133, 4.689648151397705], "prob_kld": [0.4300377368927002, 0.5048611164093018, 0.5110517144203186], "prob_loss": [0.48879483342170715, 0.5656899213790894, 0.568719744682312], "val_dist_dist_iou_metric": [0.1560378223657608, 0.3259412944316864, 0.38182148337364197], "val_dist_loss": [5.58277702331543, 4.305885314941406, 3.87345814704895], "val_dist_relevant_mae": [27.988075256347656, 21.633800506591797, 19.44487762451172], "val_dist_relevant_mse": [1563.5897216796875, 968.1569213867188, 791.20068359375], "val_loss": [6.027988910675049, 5.059820175170898, 4.630056381225586], "val_prob_kld": [0.3629520535469055, 0.6640281677246094, 0.6719761490821838], "val_prob_loss": [0.4297167658805847, 0.7307922840118408, 0.7387404441833496], "learning_rate": [0.0003000000142492354, 0.0003000000142492354, 0.0003000000142492354]}