{"dist_dist_iou_metric": [0.06345460563898087, 0.2709895968437195, 0.3296445608139038, 0.3351217210292816, 0.401977002620697, 0.45090240240097046, 0.49427714943885803, 0.5102768540382385, 0.5285849571228027, 0.5495584607124329], "dist_loss": [6.119316577911377, 3.944519281387329, 3.3434994220733643, 3.3995440006256104, 2.8893682956695557, 2.559535264968872, 2.321837902069092, 2.3352067470550537, 2.162750720977783, 2.0113203525543213], "dist_relevant_mae": [30.595735549926758, 19.720626831054688, 16.7160587310791, 16.996191024780273, 14.445180892944336, 12.79606819152832, 11.607649803161621, 11.674478530883789, 10.8120756149292, 10.054862976074219], "dist_relevant_mse": [1667.52880859375, 835.3180541992188, 638.0721435546875, 657.4623413085938, 525.4903564453125, 441.1005859375, 376.70758056640625, 392.1377868652344, 358.9100036621094, 303.4806213378906], "loss": [6.458783149719238, 4.207254409790039, 3.6779592037200928, 3.595076560974121, 3.1363255977630615, 2.735243558883667, 2.473515272140503, 2.469930410385132, 2.3246068954467773, 2.1280245780944824], "prob_kld": [0.2740168869495392, 0.19663332402706146, 0.27077963948249817, 0.129147469997406, 0.17857958376407623, 0.11407419294118881, 0.08724270015954971, 0.06663353741168976, 0.09552929550409317, 0.04816389083862305], "prob_loss": [0.3394640386104584, 0.2627350091934204, 0.3344617784023285, 0.195532888174057, 0.2469567060470581, 0.17570814490318298, 0.15167687833309174, 0.13472342491149902, 0.16185574233531952, 0.11670377850532532], "val_dist_dist_iou_metric": [0.18858231604099274, 0.3514668345451355, 0.3980591297149658, 0.39764735102653503, 0.3769003748893738, 0.5043455362319946, 0.5635822415351868, 0.5485775470733643, 0.5831061005592346, 0.5947566628456116], "val_dist_loss": [4.180294036865234, 3.1603004932403564, 3.253204822540283, 2.7260444164276123, 2.5744752883911133, 2.062605142593384, 1.902579665184021, 2.2138493061065674, 1.7626739740371704, 1.804999828338623], "val_dist_relevant_mae": [21.205324172973633, 15.97131633758545, 16.387428283691406, 13.794679641723633, 13.040801048278809, 10.443815231323242, 9.591619491577148, 11.110260963439941, 8.927519798278809, 9.117557525634766], "val_dist_relevant_mse": [924.9320068359375, 549.6273803710938, 501.8390808105469, 442.66754150390625, 423.43304443359375, 283.2367858886719, 243.1540985107422, 273.1076965332031, 233.0317840576172, 219.46719360351562], "val_loss": [4.466559410095215, 3.542612314224243, 3.461740732192993, 3.009207248687744, 2.762533664703369, 2.2886226177215576, 2.0632317066192627, 2.4240148067474365, 1.9126642942428589, 1.9523488283157349], "val_prob_kld": [0.15113718807697296, 0.2724553048610687, 0.11075370758771896, 0.17550940811634064, 0.08112116158008575, 0.12508627772331238, 0.07148293405771255, 0.12737439572811127, 0.05357728153467178, 0.055493082851171494], "val_prob_loss": [0.22252263128757477, 0.34384089708328247, 0.18213936686515808, 0.24689507484436035, 0.15250679850578308, 0.19647152721881866, 0.1428680121898651, 0.1987597495317459, 0.12496228516101837, 0.12687836587429047], "learning_rate": [0.0003000000142492354, 0.0003000000142492354, 0.0003000000142492354, 0.0003000000142492354, 0.0003000000142492354, 0.0003000000142492354, 0.0003000000142492354, 0.0003000000142492354, 0.0003000000142492354, 0.0003000000142492354]}