{"dist_dist_iou_metric": [0.14672908186912537, 0.27910909056663513, 0.34500691294670105, 0.39090225100517273, 0.44731196761131287, 0.48743313550949097, 0.519681453704834, 0.5046882033348083, 0.5380043983459473, 0.5530998706817627], "dist_loss": [5.464357376098633, 3.9590413570404053, 3.5043139457702637, 3.025259017944336, 2.816021203994751, 2.5309829711914062, 2.2838547229766846, 2.440096378326416, 2.2749037742614746, 2.0844733715057373], "dist_relevant_mae": [27.320201873779297, 19.793424606323242, 17.51984405517578, 15.124676704406738, 14.078411102294922, 12.653385162353516, 11.417790412902832, 12.199031829833984, 11.373003005981445, 10.420973777770996], "dist_relevant_mse": [1445.024658203125, 876.5076293945312, 697.712158203125, 545.0953369140625, 525.0296630859375, 455.7515869140625, 386.1537780761719, 430.3155517578125, 392.99639892578125, 338.8214111328125], "loss": [5.815296649932861, 4.29285192489624, 3.819159746170044, 3.2165932655334473, 2.9873199462890625, 2.684105157852173, 2.4212114810943604, 2.599472761154175, 2.392855167388916, 2.230259895324707], "prob_kld": [0.28091728687286377, 0.2653616964817047, 0.24815191328525543, 0.12159551680088043, 0.10270421952009201, 0.08501206338405609, 0.06607703864574432, 0.09173141419887543, 0.04900524765253067, 0.07740147411823273], "prob_loss": [0.35093769431114197, 0.3338105082511902, 0.3148461580276489, 0.19133315980434418, 0.1712992787361145, 0.15312159061431885, 0.1373569667339325, 0.15937605500221252, 0.11795191466808319, 0.14578735828399658], "val_dist_dist_iou_metric": [0.18307721614837646, 0.3509361445903778, 0.4179077446460724, 0.46142977476119995, 0.477329820394516, 0.4899463355541229, 0.4726129472255707, 0.5533503293991089, 0.5389087796211243, 0.5620869398117065], "val_dist_loss": [4.462090969085693, 3.449784994125366, 3.0417940616607666, 2.5916175842285156, 2.80185866355896, 2.265979051589966, 2.3412914276123047, 2.0852952003479004, 2.70518159866333, 1.9977439641952515], "val_dist_relevant_mae": [22.36104393005371, 17.262523651123047, 15.235918045043945, 13.01289176940918, 14.011885643005371, 11.39069652557373, 11.736268997192383, 10.451249122619629, 13.489455223083496, 9.993743896484375], "val_dist_relevant_mse": [1048.9990234375, 608.2891845703125, 479.490234375, 412.441650390625, 409.5869140625, 369.5157775878906, 377.74041748046875, 283.4515686035156, 379.4254455566406, 250.17169189453125], "val_loss": [4.776922225952148, 3.7496838569641113, 3.3530588150024414, 2.7435414791107178, 2.962470769882202, 2.390131950378418, 2.4556307792663574, 2.2204771041870117, 2.791691780090332, 2.261380910873413], "val_prob_kld": [0.238650843501091, 0.23272956907749176, 0.24215002357959747, 0.07507707178592682, 0.0937589555978775, 0.04601406678557396, 0.043006572872400284, 0.06497728079557419, 0.028393428772687912, 0.19836737215518951], "val_prob_loss": [0.30431243777275085, 0.2983909547328949, 0.3078114092350006, 0.140738382935524, 0.15942028164863586, 0.11167530715465546, 0.10866759717464447, 0.13063828647136688, 0.09405437856912613, 0.26402825117111206], "learning_rate": [0.0003000000142492354, 0.0003000000142492354, 0.0003000000142492354, 0.0003000000142492354, 0.0003000000142492354, 0.0003000000142492354, 0.0003000000142492354, 0.0003000000142492354, 0.0003000000142492354, 0.0003000000142492354]}