{"dist_dist_iou_metric": [0.11216671764850616, 0.2729450762271881, 0.30580639839172363], "dist_loss": [6.375976085662842, 4.51030969619751, 4.337778091430664], "dist_relevant_mae": [31.878328323364258, 22.548460006713867, 21.68539810180664], "dist_relevant_mse": [1776.6787109375, 1062.4521484375, 971.514892578125], "loss": [6.753900527954102, 5.068581581115723, 4.940290451049805], "prob_kld": [0.3162456452846527, 0.5040368437767029, 0.5463160872459412], "prob_loss": [0.37792694568634033, 0.5582712292671204, 0.6025128364562988], "val_dist_dist_iou_metric": [0.08798927068710327, 0.3036462962627411, 0.27871644496917725], "val_dist_loss": [5.686711311340332, 3.9398257732391357, 3.9111790657043457], "val_dist_relevant_mae": [28.52362632751465, 19.81178855895996, 19.660152435302734], "val_dist_relevant_mse": [1471.4781494140625, 807.352783203125, 830.66552734375], "val_loss": [6.075802326202393, 4.569192886352539, 4.528275012969971], "val_prob_kld": [0.3126513361930847, 0.5469018220901489, 0.5365312099456787], "val_prob_loss": [0.36901339888572693, 0.6032634377479553, 0.5928928256034851], "learning_rate": [0.0003000000142492354, 0.0003000000142492354, 0.0003000000142492354]}