{"dist_dist_iou_metric": [0.15782520174980164, 0.3203316926956177, 0.35617923736572266, 0.4263695478439331, 0.49285781383514404, 0.5220133066177368, 0.5392724871635437, 0.5507566332817078, 0.5632885694503784, 0.6038625836372375, 0.6179155111312866, 0.6532908082008362, 0.6729996204376221, 0.6921226382255554, 0.6950288414955139, 0.7140228748321533, 0.7252590656280518, 0.731859564781189, 0.739088773727417, 0.7310987710952759, 0.7488219738006592, 0.7539158463478088, 0.7642870545387268, 0.76752769947052, 0.7643787264823914, 0.7746030688285828, 0.7759467363357544, 0.7803072929382324, 0.7771646976470947, 0.789450466632843], "dist_loss": [3.7072768211364746, 2.5488152503967285, 2.3253281116485596, 2.0112409591674805, 1.6811991930007935, 1.5657570362091064, 1.465449333190918, 1.4071681499481201, 1.3736919164657593, 1.22348952293396, 1.1739263534545898, 1.0459296703338623, 0.9952381253242493, 0.9306978583335876, 0.9191718101501465, 0.8606398105621338, 0.8144626617431641, 0.7814373970031738, 0.7640634775161743, 0.7986264228820801, 0.7285603284835815, 0.7134807705879211, 0.6759090423583984, 0.6674466133117676, 0.677138090133667, 0.6468527317047119, 0.6371467113494873, 0.6309434771537781, 0.6369464993476868, 0.5922863483428955], "dist_relevant_mae": [18.535154342651367, 12.742281913757324, 11.62488079071045, 10.054556846618652, 8.404722213745117, 7.827779769897461, 7.326379299163818, 7.035035610198975, 6.867603778839111, 6.116559028625488, 5.8687052726745605, 5.228674411773682, 4.9752044677734375, 4.6525092124938965, 4.594911098480225, 4.3022332191467285, 4.071382522583008, 3.906264305114746, 3.819389581680298, 3.9921798706054688, 3.6418540477752686, 3.5664727687835693, 3.3786191940307617, 3.336313486099243, 3.384768486022949, 3.2333245277404785, 3.1848196983337402, 3.1537845134735107, 3.1837782859802246, 2.960520029067993], "dist_relevant_mse": [613.5197143554688, 322.108154296875, 277.04754638671875, 232.44407653808594, 176.4491424560547, 162.5849151611328, 151.79867553710938, 144.3770751953125, 141.0121612548828, 108.84858703613281, 109.84777069091797, 86.88399505615234, 81.85643005371094, 70.66227722167969, 72.06657409667969, 66.07290649414062, 57.52889633178711, 51.44792175292969, 47.68149948120117, 52.39896011352539, 46.49687194824219, 47.545379638671875, 41.40483093261719, 40.38995361328125, 36.752662658691406, 39.46363067626953, 34.785037994384766, 34.2844352722168, 37.145626068115234, 31.550195693969727], "loss": [4.157331943511963, 2.7789602279663086, 2.5228519439697266, 2.1944949626922607, 1.821805715560913, 1.6891463994979858, 1.5806193351745605, 1.523804783821106, 1.4915837049484253, 1.3378193378448486, 1.2861677408218384, 1.1592025756835938, 1.1105647087097168, 1.042170763015747, 1.0321335792541504, 0.976859986782074, 0.9228099584579468, 0.8903419375419617, 0.8732715845108032, 0.9087517261505127, 0.8380706310272217, 0.822757363319397, 0.7838327288627625, 0.7723184823989868, 0.7863665819168091, 0.7541872262954712, 0.7419416308403015, 0.7360580563545227, 0.7445525527000427, 0.6945849061012268], "prob_kld": [0.35610851645469666, 0.13805323839187622, 0.10683207213878632, 0.09027042984962463, 0.047393009066581726, 0.028652846813201904, 0.02252730168402195, 0.02324865385890007, 0.022997764870524406, 0.020604075863957405, 0.019355935975909233, 0.019669877365231514, 0.020389463752508163, 0.018735462799668312, 0.019127503037452698, 0.020850978791713715, 0.015841567888855934, 0.015828873962163925, 0.014388862997293472, 0.01575980708003044, 0.014506664127111435, 0.01512556429952383, 0.013878965750336647, 0.012327059172093868, 0.015790339559316635, 0.012849902734160423, 0.013312232680618763, 0.01291134674102068, 0.012974971905350685, 0.011607343330979347], "prob_loss": [0.4500536322593689, 0.23014570772647858, 0.19752414524555206, 0.18325389921665192, 0.1406070590019226, 0.12338930368423462, 0.11516955494880676, 0.11663650721311569, 0.1178920641541481, 0.11432968825101852, 0.11224103718996048, 0.1132727712392807, 0.11532667279243469, 0.11147301644086838, 0.11296173930168152, 0.11622040718793869, 0.10834697633981705, 0.10890423506498337, 0.10920803993940353, 0.11012521386146545, 0.10951017588376999, 0.10927677899599075, 0.10792382061481476, 0.10487183928489685, 0.10922841727733612, 0.10733447968959808, 0.10479491204023361, 0.10511477291584015, 0.10760599374771118, 0.1022983267903328], "val_dist_dist_iou_metric": [0.31629881262779236, 0.3817490041255951, 0.43908587098121643, 0.5278633832931519, 0.5688939690589905, 0.5773144364356995, 0.5916896462440491, 0.5820779204368591, 0.6205311417579651, 0.6378633379936218, 0.678570032119751, 0.704634964466095, 0.7132914662361145, 0.6598724722862244, 0.7152062058448792, 0.7363708019256592, 0.7290992140769958, 0.7345688939094543, 0.7403789162635803, 0.751359760761261, 0.7583290934562683, 0.7360429763793945, 0.7565323710441589, 0.739960253238678, 0.7724124789237976, 0.7721519470214844, 0.7551578879356384, 0.7517435550689697, 0.7589613795280457, 0.7566449642181396], "val_dist_loss": [2.2403085231781006, 2.0164382457733154, 2.2727808952331543, 1.3503448963165283, 1.217607855796814, 1.2925595045089722, 1.1739414930343628, 1.2436963319778442, 1.0280425548553467, 0.9282897114753723, 0.851923942565918, 0.8029235005378723, 0.8137556910514832, 0.8555917739868164, 0.777835488319397, 0.6961871981620789, 0.6927555203437805, 0.7306857705116272, 0.7095455527305603, 0.6505681872367859, 0.6423549056053162, 0.7515631318092346, 0.6313086152076721, 0.7110817432403564, 0.5831021666526794, 0.5867437720298767, 0.6185126900672913, 0.6504179239273071, 0.6226710081100464, 0.6502298712730408], "val_dist_relevant_mae": [11.19977855682373, 10.080692291259766, 11.362201690673828, 6.750455379486084, 6.086955547332764, 6.461938381195068, 5.868972301483154, 6.217679977416992, 5.139461994171143, 4.640751838684082, 4.258760929107666, 4.013721942901611, 4.067832946777344, 4.277184009552002, 3.8882815837860107, 3.4799578189849854, 3.462935209274292, 3.652531862258911, 3.5468451976776123, 3.251967668533325, 3.210927963256836, 3.7568819522857666, 3.1556789875030518, 3.5544586181640625, 2.91460919380188, 2.9328813552856445, 3.0917415618896484, 3.2512054443359375, 3.1125097274780273, 3.2502496242523193], "val_dist_relevant_mse": [236.086181640625, 189.3611297607422, 197.59893798828125, 101.99017333984375, 91.91925048828125, 90.80626678466797, 83.49127197265625, 87.37918853759766, 70.15511322021484, 59.26482009887695, 52.316349029541016, 48.62791442871094, 45.533206939697266, 48.25351333618164, 42.04952621459961, 30.534318923950195, 31.72713279724121, 40.431549072265625, 35.1414680480957, 29.60356903076172, 25.99479103088379, 41.024349212646484, 28.005704879760742, 37.27219772338867, 23.4882869720459, 26.011695861816406, 27.840171813964844, 30.533266067504883, 27.051355361938477, 32.73873519897461], "val_loss": [2.4437057971954346, 2.1782937049865723, 2.3953211307525635, 1.4610704183578491, 1.3129122257232666, 1.3814750909805298, 1.2635122537612915, 1.3364816904067993, 1.116198182106018, 1.0159413814544678, 0.9389963150024414, 0.8918035626411438, 0.9040970802307129, 0.9470762610435486, 0.8681349754333496, 0.7820695042610168, 0.7782928347587585, 0.8192264437675476, 0.7971183657646179, 0.7359306812286377, 0.7292022705078125, 0.8394649028778076, 0.716378390789032, 0.7963841557502747, 0.6668386459350586, 0.6717989444732666, 0.706601083278656, 0.7348892092704773, 0.7070907950401306, 0.734472930431366],