{"dist_dist_iou_metric": [0.13331922888755798, 0.29242047667503357, 0.28464579582214355, 0.3727239668369293, 0.405882865190506, 0.44656509160995483, 0.490657240152359, 0.5464341640472412, 0.5698792338371277, 0.6026644706726074], "dist_loss": [5.864833354949951, 4.388977527618408, 4.454477787017822, 3.6844940185546875, 3.2243826389312744, 2.7761478424072266, 2.6855309009552, 2.2513816356658936, 2.2914879322052, 1.970924735069275], "dist_relevant_mae": [29.322589874267578, 21.941761016845703, 22.269453048706055, 18.418458938598633, 16.117406845092773, 13.876285552978516, 13.422938346862793, 11.251914024353027, 11.451578140258789, 9.848426818847656], "dist_relevant_mse": [1551.0274658203125, 953.7445068359375, 1007.7726440429688, 730.0045166015625, 594.419189453125, 466.4086608886719, 460.8094482421875, 342.2403259277344, 395.0472717285156, 280.9268798828125], "loss": [6.237411022186279, 4.681840896606445, 4.731987476348877, 3.8760974407196045, 3.3946340084075928, 2.9181182384490967, 2.8500444889068604, 2.3890299797058105, 2.4367763996124268, 2.1622426509857178], "prob_kld": [0.3160211443901062, 0.23315803706645966, 0.21849137544631958, 0.13380716741085052, 0.11551737785339355, 0.08842656016349792, 0.10361883789300919, 0.08174405992031097, 0.0852576419711113, 0.13240337371826172], "prob_loss": [0.37257763743400574, 0.29286298155784607, 0.277508944272995, 0.19160161912441254, 0.17025050520896912, 0.1419697403907776, 0.16451384127140045, 0.1376492977142334, 0.14528946578502655, 0.19131781160831451], "val_dist_dist_iou_metric": [0.22112150490283966, 0.24604831635951996, 0.37398114800453186, 0.4389131963253021, 0.4312147796154022, 0.509720504283905, 0.4769248366355896, 0.5726646184921265, 0.6009984016418457, 0.6302340626716614], "val_dist_loss": [4.70981502532959, 4.505732536315918, 3.9824013710021973, 3.2903594970703125, 3.1266703605651855, 2.671844959259033, 2.649134874343872, 2.1145660877227783, 2.2596561908721924, 1.698372483253479], "val_dist_relevant_mae": [23.721830368041992, 22.694652557373047, 20.009532928466797, 16.554153442382812, 15.74002456665039, 13.448866844177246, 13.34480094909668, 10.671098709106445, 11.369935035705566, 8.580425262451172], "val_dist_relevant_mse": [1131.333984375, 1050.5509033203125, 717.4697265625, 557.8147583007812, 575.92236328125, 426.3844909667969, 441.1432189941406, 304.5707092285156, 258.2189636230469, 204.42074584960938], "val_loss": [4.939240455627441, 5.059314727783203, 4.207273960113525, 3.5035746097564697, 3.3092939853668213, 2.886704683303833, 2.790584087371826, 2.2472643852233887, 2.9271888732910156, 1.813770055770874], "val_prob_kld": [0.13299064338207245, 0.45943814516067505, 0.1430237889289856, 0.12958982586860657, 0.09839281439781189, 0.13345450162887573, 0.05835231393575668, 0.04990570992231369, 0.5918473601341248, 0.034477442502975464], "val_prob_loss": [0.19487887620925903, 0.5213255286216736, 0.2049119919538498, 0.1914779096841812, 0.16028115153312683, 0.195342555642128, 0.12024040520191193, 0.11179381608963013, 0.6537346243858337, 0.09636537730693817], "learning_rate": [0.0003000000142492354, 0.0003000000142492354, 0.0003000000142492354, 0.0003000000142492354, 0.0003000000142492354, 0.0003000000142492354, 0.0003000000142492354, 0.0003000000142492354, 0.0003000000142492354, 0.0003000000142492354]}