{"dist_dist_iou_metric": [0.13979150354862213, 0.31384438276290894, 0.35371580719947815, 0.3947404623031616, 0.4369615614414215, 0.4645046293735504, 0.5011570453643799, 0.5165258646011353, 0.5470858812332153, 0.5727725028991699, 0.5740963220596313, 0.5883974432945251, 0.5618463754653931, 0.5966819524765015, 0.6073213815689087, 0.6248180270195007, 0.6042691469192505, 0.6301358938217163, 0.6296675205230713, 0.6320897936820984], "dist_loss": [5.3098249435424805, 3.5934112071990967, 3.2182018756866455, 3.0052785873413086, 2.6760406494140625, 2.5768160820007324, 2.3362042903900146, 2.143181562423706, 2.093529224395752, 1.8541070222854614, 1.8032487630844116, 1.8105366230010986, 1.9277936220169067, 1.8476548194885254, 1.741651177406311, 1.6421024799346924, 1.7099515199661255, 1.5858055353164673, 1.6666264533996582, 1.5490936040878296], "dist_relevant_mae": [26.5476016998291, 17.965286254882812, 16.089492797851562, 15.024923324584961, 13.378758430480957, 12.882712364196777, 11.679692268371582, 10.714406967163086, 10.466322898864746, 9.268902778625488, 9.014841079711914, 9.051263809204102, 9.637389183044434, 9.236896514892578, 8.70685863494873, 8.209278106689453, 8.548347473144531, 7.927718639373779, 8.331543922424316, 7.744015693664551], "dist_relevant_mse": [1351.697998046875, 723.7841186523438, 606.468994140625, 536.6238403320312, 475.9916076660156, 461.2796630859375, 399.56573486328125, 337.9647521972656, 332.747802734375, 268.2845764160156, 268.15118408203125, 273.17877197265625, 297.8864440917969, 281.14569091796875, 260.0415954589844, 234.9533233642578, 238.9353485107422, 217.70587158203125, 258.3797607421875, 213.68324279785156], "loss": [5.618556022644043, 3.8932201862335205, 3.504640579223633, 3.1982033252716064, 2.9208621978759766, 2.723768711090088, 2.4918770790100098, 2.3555891513824463, 2.2146613597869873, 1.960761308670044, 1.9002848863601685, 1.9156745672225952, 2.0262231826782227, 1.9698495864868164, 1.8441131114959717, 1.7360572814941406, 1.8015267848968506, 1.6772332191467285, 1.7676771879196167, 1.6418238878250122], "prob_kld": [0.2416151612997055, 0.2349056601524353, 0.221802219748497, 0.12617197632789612, 0.17958946526050568, 0.07921185344457626, 0.09265092760324478, 0.1457909345626831, 0.05307113006711006, 0.039615169167518616, 0.03661172464489937, 0.03729204460978508, 0.03615371137857437, 0.05416227504611015, 0.03520882502198219, 0.026692839339375496, 0.027050605043768883, 0.025956761091947556, 0.032140590250492096, 0.024535952135920525], "prob_loss": [0.3087309002876282, 0.29980897903442383, 0.28643882274627686, 0.19292432069778442, 0.2448214739561081, 0.1469527631998062, 0.15567293763160706, 0.2124064862728119, 0.12113268673419952, 0.10665406286716461, 0.09703674912452698, 0.10513792186975479, 0.09842931479215622, 0.12219535559415817, 0.10246197879314423, 0.09395439922809601, 0.09157504141330719, 0.09142741560935974, 0.10105078667402267, 0.09272998571395874], "val_dist_dist_iou_metric": [0.2669465243816376, 0.34020909667015076, 0.4266483783721924, 0.3976523280143738, 0.45107701420783997, 0.5308054089546204, 0.558692991733551, 0.5556949377059937, 0.6053950190544128, 0.6008771061897278, 0.6154861450195312, 0.4573313891887665, 0.6092332005500793, 0.6191422939300537, 0.6542845964431763, 0.6167564988136292, 0.5891029834747314, 0.6662192344665527, 0.6405370831489563, 0.6667861938476562], "val_dist_loss": [3.628319263458252, 3.0976953506469727, 2.751882791519165, 2.5741078853607178, 2.313796043395996, 2.067016124725342, 2.272979259490967, 1.8625266551971436, 1.816608190536499, 1.9343187808990479, 1.6084811687469482, 2.2527377605438232, 1.6583629846572876, 1.5663092136383057, 1.4713722467422485, 1.8391499519348145, 1.5880467891693115, 1.3391680717468262, 1.5334302186965942, 1.329863429069519], "val_dist_relevant_mae": [18.206409454345703, 15.52545166015625, 13.711709976196289, 12.875657081604004, 11.560028076171875, 10.258878707885742, 11.20538330078125, 9.212703704833984, 8.92735767364502, 9.451099395751953, 7.948935031890869, 11.264482498168945, 8.222476959228516, 7.737462043762207, 7.279994010925293, 8.904195785522461, 7.9291582107543945, 6.670721530914307, 7.624043941497803, 6.620988845825195], "val_dist_relevant_mse": [728.9588012695312, 561.8639526367188, 409.085205078125, 400.76153564453125, 362.7706298828125, 284.92047119140625, 267.5662841796875, 233.11029052734375, 208.40615844726562, 233.74147033691406, 186.82281494140625, 314.1273498535156, 217.20509338378906, 177.23350524902344, 163.52545166015625, 222.94479370117188, 211.2083282470703, 148.2135772705078, 173.3546905517578, 155.81341552734375], "val_loss": [3.9483704566955566, 3.400669574737549, 2.9580366611480713, 2.722959518432617, 2.4424099922180176, 2.1622698307037354, 2.424013376235962, 2.1432416439056396, 1.889859676361084, 1.9962223768234253, 1.696133017539978, 2.3969082832336426, 1.7504527568817139, 1.6471877098083496, 1.5525717735290527, 1.9150429964065552, 1.6755808591842651, 1.423979640007019, 1.6211596727371216, 1.4128087759017944], "val_prob_kld": [0.24221168458461761, 0.22774426639080048, 0.15106956660747528, 0.08176039904356003, 0.06370079517364502, 0.044491447508335114, 0.11629971116781235, 0.2364608198404312, 0.037706732749938965, 0.03995930030941963, 0.03891192004084587, 0.07634513825178146, 0.03885769844055176, 0.03301272168755531, 0.02916119247674942, 0.06789355725049973, 0.022118238732218742, 0.022180240601301193, 0.028370307758450508, 0.020771000534296036], "val_prob_loss": [0.3112064301967621, 0.2967393696308136, 0.22006461024284363, 0.15075522661209106, 0.1326955258846283, 0.11348606646060944, 0.1852945238351822, 0.30545520782470703, 0.10670102387666702, 0.10895363241434097, 0.10790591686964035, 0.14533916115760803, 0.10785185545682907, 0.10200686752796173, 0.09815528988838196, 0.13688796758651733, 0.0911126658320427, 0.0911741778254509, 0.09736450761556625, 0.08976495265960693], "learning_rate": [0.0003000000142492354, 0.0003000000142492354, 0.0003000000142492354, 0.0003000000142492354, 0.0003000000142492354, 0.0003000000142492354, 0.0003000000142492354, 0.0003000000142492354, 0.0003000000142492354, 0.0003000000142492354, 0.0003000000142492354, 0.0003000000142492354, 0.0003000000142492354, 0.0003000000142492354, 0.0003000000142492354, 0.0003000000142492354, 0.0003000000142492354, 0.0003000000142492354, 0.0003000000142492354, 0.0003000000142492354]}