{"dist_dist_iou_metric": [0.08164705336093903, 0.27217188477516174, 0.3195018470287323, 0.34194186329841614, 0.38254687190055847, 0.43877315521240234, 0.4896082282066345, 0.49616020917892456, 0.5415584444999695, 0.5598242878913879, 0.554049015045166, 0.5687972903251648, 0.5836637616157532, 0.6032659411430359, 0.603880763053894, 0.6107600927352905, 0.6315661668777466, 0.6251710653305054, 0.6066177487373352, 0.6213093400001526, 0.6225118041038513, 0.6272563934326172, 0.6415616869926453, 0.6502957344055176, 0.6462544202804565, 0.6505458354949951, 0.6656630635261536, 0.6506268382072449, 0.6582012176513672, 0.664855420589447, 0.6574492454528809, 0.6554716229438782, 0.672249436378479, 0.676547110080719, 0.6692938804626465, 0.6427832841873169, 0.6838376522064209, 0.7067413330078125, 0.7039842009544373, 0.6983196139335632, 0.6919394135475159, 0.7103780508041382, 0.7003621459007263, 0.7177700996398926, 0.7319707274436951, 0.7461556196212769, 0.7351324558258057, 0.7382927536964417, 0.743720531463623, 0.7534329891204834], "dist_loss": [5.914158344268799, 4.0554304122924805, 3.6806159019470215, 3.326838970184326, 3.078564405441284, 2.7076163291931152, 2.2060418128967285, 2.3452200889587402, 2.0467891693115234, 2.0202088356018066, 2.019697666168213, 1.9187302589416504, 1.8932859897613525, 1.7598575353622437, 1.719581961631775, 1.7696858644485474, 1.5065311193466187, 1.6325368881225586, 1.7676774263381958, 1.6183676719665527, 1.6708779335021973, 1.6362072229385376, 1.5121026039123535, 1.452274203300476, 1.5778483152389526, 1.4804444313049316, 1.3566282987594604, 1.523699164390564, 1.4430537223815918, 1.409757137298584, 1.471419095993042, 1.4513816833496094, 1.363993525505066, 1.3263654708862305, 1.390688180923462, 1.588914394378662, 1.3183315992355347, 1.167018175125122, 1.256545901298523, 1.2077118158340454, 1.3476356267929077, 1.176639199256897, 1.2664223909378052, 1.1558890342712402, 1.0727263689041138, 0.9826825857162476, 1.080216407775879, 1.053815484046936, 1.0239911079406738, 0.9297091960906982], "dist_relevant_mae": [29.569869995117188, 20.274980545043945, 18.401153564453125, 16.632349014282227, 15.390965461730957, 13.536032676696777, 11.028236389160156, 11.724103927612305, 10.232120513916016, 10.099329948425293, 10.096787452697754, 9.59191608428955, 9.464698791503906, 8.797813415527344, 8.59646987915039, 8.846894264221191, 7.53048038482666, 8.160955429077148, 8.836702346801758, 8.090168952941895, 8.35291576385498, 8.179577827453613, 7.5591912269592285, 7.260062217712402, 7.888044357299805, 7.401123523712158, 6.782100200653076, 7.617427825927734, 7.21419620513916, 7.047755241394043, 7.3560404777526855, 7.2559099197387695, 6.818933486938477, 6.630842208862305, 6.952383041381836, 7.943531036376953, 6.590686798095703, 5.834167957305908, 6.2818098068237305, 6.037750244140625, 6.737239837646484, 5.882388114929199, 6.3311614990234375, 5.778491973876953, 5.362795352935791, 4.912552356719971, 5.40020751953125, 5.268204212188721, 5.119131088256836, 4.647715091705322], "dist_relevant_mse": [1604.6884765625, 874.0050048828125, 749.83740234375, 643.5321655273438, 564.18115234375, 464.5279541015625, 349.3126525878906, 384.7903137207031, 323.47576904296875, 321.5127258300781, 315.452880859375, 286.0842590332031, 284.5137939453125, 261.35498046875, 252.5992431640625, 282.69854736328125, 199.18882751464844, 237.63601684570312, 268.3974914550781, 234.72071838378906, 236.9571075439453, 241.33279418945312, 200.14508056640625, 188.9042510986328, 233.35519409179688, 207.6014404296875, 169.92604064941406, 223.7485809326172, 196.32701110839844, 194.63803100585938, 196.71478271484375, 201.13980102539062, 179.46044921875, 174.5045166015625, 179.28443908691406, 210.23675537109375, 157.3358154296875, 130.3237762451172, 159.73831176757812, 140.50384521484375, 190.5304718017578, 148.0879364013672, 154.0830535888672, 144.33023071289062, 120.35531616210938, 104.15446472167969, 125.24343872070312, 114.72603607177734, 116.55632781982422, 103.123291015625], "loss": [6.182567596435547, 4.328351020812988, 3.9726145267486572, 3.5955746173858643, 3.3076887130737305, 2.8664495944976807, 2.387655258178711, 2.465723752975464, 2.171955108642578, 2.160193681716919, 2.1666505336761475, 2.02304744720459, 1.995435357093811, 1.8712341785430908, 1.8069806098937988, 1.8680140972137451, 1.5929218530654907, 1.7248806953430176, 1.8951267004013062, 1.720039963722229, 1.7619662284851074, 1.7260441780090332, 1.5941152572631836, 1.5387850999832153, 1.670053243637085, 1.574940800666809, 1.4400216341018677, 1.6108180284500122, 1.531388521194458, 1.495314598083496, 1.5584421157836914, 1.540069580078125, 1.4477249383926392, 1.4100003242492676, 1.48453950881958, 1.6797271966934204, 1.421007513999939, 1.2574896812438965, 1.349272608757019, 1.2968920469284058, 1.7605088949203491, 1.7507940530776978, 1.3890304565429688, 1.2453855276107788, 1.1594363451004028, 1.0736289024353027, 1.1721440553665161, 1.1432169675827026, 1.110142707824707, 1.0226600170135498], "prob_kld": [0.2031996101140976, 0.20278215408325195, 0.2258106768131256, 0.2057853490114212, 0.16173267364501953, 0.09045526385307312, 0.11814296990633011, 0.055670835077762604, 0.05929390341043472, 0.07334250211715698, 0.08081509917974472, 0.039878830313682556, 0.03282131254673004, 0.04462004825472832, 0.023341568186879158, 0.028110872954130173, 0.02125641144812107, 0.025632034987211227, 0.06039309874176979, 0.035630010068416595, 0.0235175471752882, 0.022749772295355797, 0.017731884494423866, 0.02130158245563507, 0.024938303977251053, 0.029717668890953064, 0.02036825381219387, 0.019795985892415047, 0.02209397405385971, 0.02118772827088833, 0.02155342511832714, 0.022193584591150284, 0.018436642363667488, 0.020256351679563522, 0.02554059587419033, 0.024157311767339706, 0.035814739763736725, 0.026489095762372017, 0.027047358453273773, 0.025525853037834167, 0.34665369987487793, 0.5080381035804749, 0.056850723922252655, 0.021890079602599144, 0.021702414378523827, 0.02650948241353035, 0.02241656370460987, 0.025694819167256355, 0.01880619116127491, 0.026319041848182678], "prob_loss": [0.26840800046920776, 0.27291980385780334, 0.29199907183647156, 0.2687361240386963, 0.22912363708019257, 0.1588333398103714, 0.18161426484584808, 0.12050420790910721, 0.1251658946275711, 0.13998420536518097, 0.1469530165195465, 0.10431750118732452, 0.10214925557374954, 0.11137691140174866, 0.08739921450614929, 0.0983283594250679, 0.08639179915189743, 0.09234397858381271, 0.12744908034801483, 0.10167264938354492, 0.0910881906747818, 0.0898367241024971, 0.08201342821121216, 0.08651106804609299, 0.09220483154058456, 0.09449620544910431, 0.08339323103427887, 0.08711910247802734, 0.08833451569080353, 0.08555833995342255, 0.08702261000871658, 0.08868798613548279, 0.08373132348060608, 0.0836351290345192, 0.09385121613740921, 0.09081259369850159, 0.10267560929059982, 0.09047126770019531, 0.09272684156894684, 0.08918033540248871, 0.41287317872047424, 0.5741552114486694, 0.12260808050632477, 0.08949636667966843, 0.08670977503061295, 0.0909462422132492, 0.09192746877670288, 0.08940142393112183, 0.08615177869796753, 0.09295089542865753],