{"dist_dist_iou_metric": [0.12678423523902893, 0.2847420573234558, 0.33959221839904785, 0.3714328110218048, 0.4241521954536438], "dist_loss": [5.4821343421936035, 3.7912466526031494, 3.427905321121216, 3.07393741607666, 2.829555034637451], "dist_relevant_mae": [27.40932846069336, 18.95441436767578, 17.137815475463867, 15.368058204650879, 14.146039009094238], "dist_relevant_mse": [1423.1114501953125, 804.9548950195312, 670.5455322265625, 552.15771484375, 514.5720825195312], "loss": [5.847169399261475, 4.12925386428833, 3.72758150100708, 3.3026363849639893, 3.006049871444702], "prob_kld": [0.295673668384552, 0.270499587059021, 0.23377464711666107, 0.15977008640766144, 0.10854324698448181], "prob_loss": [0.36503419280052185, 0.33800697326660156, 0.2996763586997986, 0.22869901359081268, 0.17649658024311066], "val_dist_dist_iou_metric": [0.1794137805700302, 0.3658311069011688, 0.3955640196800232, 0.4080721437931061, 0.5069658756256104], "val_dist_loss": [4.433113098144531, 3.514460325241089, 3.055593252182007, 2.7432658672332764, 2.362837076187134], "val_dist_relevant_mae": [22.207584381103516, 17.5603084564209, 15.290709495544434, 13.750533103942871, 11.81639575958252], "val_dist_relevant_mse": [1019.766357421875, 554.3203125, 488.447998046875, 451.4818115234375, 314.1868896484375], "val_loss": [4.84015417098999, 3.7958242893218994, 3.4023687839508057, 2.9015862941741943, 2.523470640182495], "val_prob_kld": [0.33306628465652466, 0.21919021010398865, 0.2818533480167389, 0.08737480640411377, 0.09486131370067596], "val_prob_loss": [0.3980847895145416, 0.2842085361480713, 0.34687140583992004, 0.15239296853542328, 0.15987947583198547], "learning_rate": [0.0003000000142492354, 0.0003000000142492354, 0.0003000000142492354, 0.0003000000142492354, 0.0003000000142492354]}