{"dist_dist_iou_metric": [0.16686569154262543, 0.31144917011260986, 0.36903396248817444], "dist_loss": [1.9331310987472534, 1.465166449546814, 1.2759076356887817], "dist_relevant_mae": [9.665178298950195, 7.325016498565674, 6.378513813018799], "dist_relevant_mse": [184.34898376464844, 113.5961685180664, 85.31975555419922], "loss": [2.2961394786834717, 1.7755820751190186, 1.5368285179138184], "prob_kld": [0.2861606180667877, 0.23377574980258942, 0.18316622078418732], "prob_loss": [0.36300820112228394, 0.3104152977466583, 0.2609212398529053], "val_dist_dist_iou_metric": [0.3085906505584717, 0.3375312387943268, 0.3578663468360901], "val_dist_loss": [1.4803239107131958, 1.327837586402893, 1.19548761844635], "val_dist_relevant_mae": [7.439657211303711, 6.672423362731934, 6.004414081573486], "val_dist_relevant_mse": [123.11849975585938, 102.2245101928711, 84.55853271484375], "val_loss": [1.7396833896636963, 1.5818527936935425, 1.430014729499817], "val_prob_kld": [0.1790771782398224, 0.1746617555618286, 0.15673887729644775], "val_prob_loss": [0.2506175935268402, 0.24620221555233002, 0.22827933728694916], "learning_rate": [0.0003000000142492354, 0.0003000000142492354, 0.0003000000142492354]}