{"dist_dist_iou_metric": [0.09065187722444534, 0.2451058030128479, 0.3332628607749939, 0.403390109539032, 0.45343926548957825, 0.5039332509040833, 0.4839875400066376, 0.5274809002876282, 0.5295491218566895, 0.5543306469917297, 0.5386402606964111, 0.5164092779159546, 0.5688339471817017, 0.5778819918632507, 0.5907502174377441, 0.6101636290550232, 0.6217144727706909, 0.599469006061554, 0.6215673089027405, 0.6280655860900879, 0.6185702681541443, 0.6164636015892029, 0.6326561570167542, 0.6379948258399963, 0.6552723050117493, 0.6355346441268921, 0.6439840793609619, 0.6479846835136414, 0.6456036567687988, 0.6666170358657837], "dist_loss": [28.759260177612305, 21.584190368652344, 16.684520721435547, 13.786102294921875, 12.706320762634277, 11.238448143005371, 12.655406951904297, 10.78002643585205, 10.386608123779297, 9.847600936889648, 10.832794189453125, 11.627673149108887, 9.727387428283691, 9.725979804992676, 8.877917289733887, 8.49472713470459, 8.074382781982422, 9.350564002990723, 8.326800346374512, 7.905297756195068, 8.310317039489746, 8.608553886413574, 7.890749931335449, 7.707704067230225, 7.028961181640625, 8.031074523925781, 7.528524398803711, 7.345905780792236, 7.7794928550720215, 6.980587005615234], "dist_relevant_mae": [28.75815200805664, 21.581989288330078, 16.682964324951172, 13.7842378616333, 12.704629898071289, 11.236786842346191, 12.653736114501953, 10.7782621383667, 10.384900093078613, 9.845959663391113, 10.831029891967773, 11.624956130981445, 9.725225448608398, 9.723403930664062, 8.87625503540039, 8.49300765991211, 8.07271957397461, 9.348895072937012, 8.324195861816406, 7.903464317321777, 8.308636665344238, 8.606927871704102, 7.889434814453125, 7.706165313720703, 7.027645111083984, 8.029362678527832, 7.526914596557617, 7.344704627990723, 7.778329372406006, 6.979525566101074], "dist_relevant_mse": [1495.69482421875, 957.2548217773438, 645.87841796875, 450.0167236328125, 421.4023132324219, 349.7144470214844, 452.1396789550781, 341.56610107421875, 323.2533264160156, 307.04473876953125, 361.3953552246094, 416.3533630371094, 310.9638977050781, 317.1902160644531, 263.336669921875, 253.88490295410156, 231.82037353515625, 293.02276611328125, 257.51544189453125, 220.0106658935547, 249.373046875, 264.15869140625, 225.72315979003906, 219.7831573486328, 195.40292358398438, 242.69898986816406, 207.8939666748047, 208.03158569335938, 217.5802764892578, 192.0548095703125], "loss": [6.0362420082092285, 4.541093349456787, 3.6191658973693848, 2.980248212814331, 2.7133538722991943, 2.391343832015991, 2.6546103954315186, 2.303438186645508, 2.2087831497192383, 2.089012622833252, 2.322235584259033, 2.507964611053467, 2.083664894104004, 2.0710439682006836, 1.9272149801254272, 1.8011083602905273, 1.7110726833343506, 1.969628095626831, 1.7620060443878174, 1.6812171936035156, 1.7723045349121094, 1.8307664394378662, 1.6785565614700317, 1.7045739889144897, 1.487463355064392, 1.71742582321167, 1.6178202629089355, 1.562571406364441, 1.6479201316833496, 1.4854350090026855], "prob_kld": [0.21798746287822723, 0.15614698827266693, 0.2181674838066101, 0.1582842916250229, 0.10710770636796951, 0.07900796085596085, 0.058656707406044006, 0.07836795598268509, 0.06741072237491608, 0.0560256764292717, 0.09055221825838089, 0.1143404021859169, 0.07642438262701035, 0.05892040207982063, 0.08506199717521667, 0.03891906142234802, 0.029377169907093048, 0.031691111624240875, 0.031186828389763832, 0.0345553494989872, 0.04497949779033661, 0.0424954779446125, 0.03558310866355896, 0.09596797823905945, 0.02068684808909893, 0.04103514179587364, 0.04906926304101944, 0.027208726853132248, 0.024266591295599937, 0.023789944127202034], "prob_loss": [0.2843891978263855, 0.22425462305545807, 0.2822627127170563, 0.22302845120429993, 0.1720903068780899, 0.14365386962890625, 0.12352938950061798, 0.14743271470069885, 0.13146156072616577, 0.11949246376752853, 0.15567640960216522, 0.18242953717708588, 0.13818776607513428, 0.12584757804870605, 0.1516314446926117, 0.10216280817985535, 0.09619582444429398, 0.09951511025428772, 0.09664563089609146, 0.1001572385430336, 0.11024115234613419, 0.10905610769987106, 0.10040653496980667, 0.1630331426858902, 0.08167112618684769, 0.11121130734682083, 0.1121160238981247, 0.09339018166065216, 0.09202144294977188, 0.08931766450405121], "val_dist_dist_iou_metric": [0.10432860255241394, 0.17167915403842926, 0.4238273799419403, 0.45521509647369385, 0.5335427522659302, 0.5525396466255188, 0.5096103549003601, 0.584196925163269, 0.5416444540023804, 0.5279873609542847, 0.5300760269165039, 0.567010223865509, 0.6192396879196167, 0.6381701827049255, 0.6451590061187744, 0.6357781887054443, 0.6682533025741577, 0.6258924007415771, 0.6701610684394836, 0.6581901907920837, 0.6482868790626526, 0.6417030096054077, 0.6465675830841064, 0.6477308869361877, 0.6609386205673218, 0.6643179655075073, 0.6654815673828125, 0.6805790066719055, 0.6861110329627991, 0.6668580770492554], "val_dist_loss": [24.90200424194336, 20.986055374145508, 16.525766372680664, 14.896906852722168, 11.322928428649902, 10.367389678955078, 10.572312355041504, 9.417447090148926, 9.64057445526123, 9.339410781860352, 13.722387313842773, 9.176846504211426, 8.330777168273926, 8.176484107971191, 7.589350700378418, 7.675375461578369, 7.212181568145752, 7.45060920715332, 6.9735918045043945, 7.11818790435791, 7.474945068359375, 7.215788841247559, 7.113739013671875, 7.0079026222229, 6.904617786407471, 7.246457099914551, 7.399258613586426, 7.216931343078613, 7.01488733291626, 6.363458156585693], "val_dist_relevant_mae": [24.077333450317383, 20.254371643066406, 16.224266052246094, 14.648377418518066, 11.099780082702637, 10.055646896362305, 10.188879013061523, 9.114599227905273, 9.306893348693848, 9.05594253540039, 13.44062328338623, 8.816594123840332, 8.10379695892334, 7.9637532234191895, 7.383266448974609, 7.4674973487854, 7.024604320526123, 7.252388954162598, 6.822694778442383, 6.945688247680664, 7.268930912017822, 7.035183906555176, 6.89056396484375, 6.825770854949951, 6.698264122009277, 7.072485446929932, 7.217090606689453, 6.995095729827881, 6.8105058670043945, 6.216775417327881], "val_dist_relevant_mse": [1121.6817626953125, 876.6640014648438, 457.0022888183594, 381.3287658691406, 278.15179443359375, 266.1137390136719, 292.24945068359375, 238.36512756347656, 268.1866455078125, 247.38865661621094, 354.983154296875, 260.96783447265625, 198.32720947265625, 180.45399475097656, 175.8445587158203, 180.08204650878906, 151.75221252441406, 180.95547485351562, 150.7602996826172, 164.83538818359375, 173.06761169433594, 173.1401824951172, 170.73133850097656, 164.82310485839844, 162.32217407226562, 158.46629333496094, 157.1322784423828, 152.84719848632812, 144.65867614746094, 141.01080322265625], "val_loss": [4.98333215713501, 4.325022220611572, 3.4873812198638916, 3.31006121635437, 2.350940227508545, 2.1573421955108643, 2.1451127529144287, 1.9298782348632812, 1.971350908279419, 1.940761923789978, 2.9954893589019775, 1.8581061363220215, 1.7206566333770752, 1.6919087171554565, 1.7383809089660645, 1.5825337171554565, 1.4898346662521362, 1.5543993711471558, 1.4505542516708374, 1.4804046154022217, 1.5479516983032227, 1.5070040225982666, 1.5239242315292358, 1.4495455026626587, 1.4251984357833862, 1.5707186460494995, 1.537521481513977, 1.5061441659927368, 1.450238585472107, 1.346922516822815], "val_prob_kld": [0.10265322774648666, 0.21492643654346466, 0.1830456405878067, 0.32108160853385925, 0.06645644456148148, 0.08460413664579391, 0.041881706565618515, 0.04114848002791405, 0.045425184071063995, 0.06569487601518631, 0.2572484314441681, 0.02842881716787815, 0.032930903136730194, 0.033902786672115326, 0.20998293161392212, 0.022586585953831673, 0.01826343685388565, 0.03761512413620949, 0.019221587106585503, 0.024919819086790085, 0.028718316927552223, 0.03481472283601761, 0.08453793823719025, 0.017794815823435783, 0.019053807482123375, 0.09583446383476257, 0.02845197729766369, 0.04324526712298393, 0.022124582901597023, 0.03872654587030411],