{"dist_dist_iou_metric": [0.11873763054609299, 0.28458544611930847, 0.3243844211101532, 0.3544720411300659, 0.44304129481315613, 0.45662999153137207, 0.5086185336112976, 0.5246245861053467, 0.5521921515464783, 0.5708653330802917], "dist_loss": [5.523746967315674, 3.846022605895996, 3.3865909576416016, 3.2679123878479004, 2.6336257457733154, 2.517578363418579, 2.2401740550994873, 2.268512487411499, 2.0338523387908936, 1.88706374168396], "dist_relevant_mae": [27.617223739624023, 19.228055953979492, 16.931419372558594, 16.33765983581543, 13.165892601013184, 12.586016654968262, 11.199228286743164, 11.341039657592773, 10.167216300964355, 9.433082580566406], "dist_relevant_mse": [1439.0540771484375, 792.9453735351562, 644.8576049804688, 623.920654296875, 458.96875, 430.5997619628906, 360.8596496582031, 385.13299560546875, 327.97198486328125, 277.181396484375], "loss": [5.908604621887207, 4.099742412567139, 3.7191617488861084, 3.5348455905914307, 2.8751566410064697, 2.670248508453369, 2.368150472640991, 2.4208781719207764, 2.1555609703063965, 1.9987385272979736], "prob_kld": [0.3194110095500946, 0.18761825561523438, 0.26888811588287354, 0.20054855942726135, 0.17315427958965302, 0.09103532135486603, 0.0635424554347992, 0.08427558094263077, 0.05538289248943329, 0.043135568499565125], "prob_loss": [0.38485804200172424, 0.25371992588043213, 0.332570344209671, 0.26693394780158997, 0.24153144657611847, 0.1526692658662796, 0.12797659635543823, 0.15236547589302063, 0.12170920521020889, 0.11167529970407486], "val_dist_dist_iou_metric": [0.20020678639411926, 0.3363616466522217, 0.3798753023147583, 0.41255611181259155, 0.4717588424682617, 0.5343582630157471, 0.5744360685348511, 0.5768303871154785, 0.5641006231307983, 0.604153573513031], "val_dist_loss": [4.060739040374756, 3.1906919479370117, 2.947540760040283, 2.4839975833892822, 2.245300054550171, 1.996695637702942, 1.786530613899231, 1.948257565498352, 1.7153927087783813, 1.8054728507995605], "val_dist_relevant_mae": [20.604650497436523, 16.144672393798828, 14.900787353515625, 12.581367492675781, 11.353407859802246, 10.092305183410645, 9.037331581115723, 9.80038070678711, 8.693347930908203, 9.129143714904785], "val_dist_relevant_mse": [888.2329711914062, 579.663818359375, 485.3446044921875, 409.439697265625, 322.53143310546875, 264.8497009277344, 245.71649169921875, 239.93402099609375, 236.82479858398438, 219.28347778320312], "val_loss": [4.427894115447998, 3.517338991165161, 3.2593350410461426, 2.6901957988739014, 2.636892795562744, 2.210767984390259, 1.9229220151901245, 2.094616174697876, 1.8422991037368774, 1.931118130683899], "val_prob_kld": [0.2341606616973877, 0.21360406279563904, 0.20620475709438324, 0.10068093985319138, 0.2941448390483856, 0.11745192855596542, 0.042594511061906815, 0.061225831508636475, 0.030693791806697845, 0.03217996656894684], "val_prob_loss": [0.30554646253585815, 0.28498968482017517, 0.2775905430316925, 0.17206653952598572, 0.36553066968917847, 0.18883726000785828, 0.1139797642827034, 0.13261088728904724, 0.10207879543304443, 0.1035650297999382], "learning_rate": [0.0003000000142492354, 0.0003000000142492354, 0.0003000000142492354, 0.0003000000142492354, 0.0003000000142492354, 0.0003000000142492354, 0.0003000000142492354, 0.0003000000142492354, 0.0003000000142492354, 0.0003000000142492354]}