{"dist_dist_iou_metric": [0.17334270477294922, 0.3343075215816498, 0.37898921966552734, 0.4483489692211151, 0.4846309423446655, 0.5122239589691162, 0.5393174290657043, 0.5466732382774353, 0.5719485282897949, 0.6158509254455566], "dist_loss": [18.162521362304688, 12.561951637268066, 11.280644416809082, 9.530019760131836, 8.689569473266602, 7.949395179748535, 7.320086479187012, 7.106281280517578, 6.6904401779174805, 6.0149359703063965], "dist_relevant_mae": [18.161170959472656, 12.560193061828613, 11.279022216796875, 9.52839469909668, 8.687994003295898, 7.947983264923096, 7.319048881530762, 7.105321884155273, 6.68948221206665, 6.013891696929932], "dist_relevant_mse": [597.5344848632812, 313.7074279785156, 271.1672058105469, 209.58058166503906, 184.70172119140625, 165.96485900878906, 147.3330535888672, 145.36053466796875, 133.6876220703125, 109.56317138671875], "loss": [4.002458095550537, 2.8164539337158203, 2.5346217155456543, 2.095951795578003, 1.8819553852081299, 1.720246434211731, 1.5812376737594604, 1.5351742506027222, 1.457800269126892, 1.3214819431304932], "prob_kld": [0.2761709690093994, 0.21078556776046753, 0.18476560711860657, 0.09464407712221146, 0.04879682883620262, 0.034900978207588196, 0.02250959910452366, 0.021635744720697403, 0.02463551051914692, 0.024501478299498558], "prob_loss": [0.3699548840522766, 0.30406424403190613, 0.2784929573535919, 0.18994760513305664, 0.14404192566871643, 0.13036757707595825, 0.1172201856970787, 0.11391768604516983, 0.11971235275268555, 0.11849471926689148], "val_dist_dist_iou_metric": [0.24357730150222778, 0.32105526328086853, 0.44045498967170715, 0.47737669944763184, 0.4923577308654785, 0.5249981880187988, 0.4982442855834961, 0.5206080079078674, 0.5862278342247009, 0.6116825938224792], "val_dist_loss": [11.696929931640625, 10.373438835144043, 9.301817893981934, 8.076773643493652, 7.115469455718994, 6.3477630615234375, 6.452188968658447, 6.063322067260742, 5.600471496582031, 4.98002290725708], "val_dist_relevant_mae": [11.695599555969238, 10.372149467468262, 9.300363540649414, 8.075337409973145, 7.113749027252197, 6.346817493438721, 6.451391696929932, 6.062479496002197, 5.599302768707275, 4.979104518890381], "val_dist_relevant_mse": [280.3144836425781, 214.7613067626953, 162.58609008789062, 134.62008666992188, 118.3779067993164, 102.65160369873047, 110.79058837890625, 100.41910552978516, 79.9876480102539, 67.52782440185547], "val_loss": [2.55381178855896, 2.6612226963043213, 2.0350723266601562, 1.7212656736373901, 1.5178380012512207, 1.3645237684249878, 1.3820735216140747, 1.3013089895248413, 1.2290034294128418, 1.089417815208435], "val_prob_kld": [0.141304612159729, 0.513414204120636, 0.10158774256706238, 0.032789990305900574, 0.021623507142066956, 0.021850520744919777, 0.018515093252062798, 0.01552398782223463, 0.03578862175345421, 0.020292580127716064], "val_prob_loss": [0.21442590653896332, 0.5865349173545837, 0.17470884323120117, 0.10591084510087967, 0.09474411606788635, 0.09497123211622238, 0.09163566678762436, 0.08864448219537735, 0.10890912264585495, 0.09341327100992203], "learning_rate": [0.0003000000142492354, 0.0003000000142492354, 0.0003000000142492354, 0.0003000000142492354, 0.0003000000142492354, 0.0003000000142492354, 0.0003000000142492354, 0.0003000000142492354, 0.0003000000142492354, 0.0003000000142492354]}